{
    "training_loss": [
        1.0386708946741792,
        0.8190824111503383,
        0.7882984954901416,
        0.7728325819929039,
        0.7640977795878645,
        0.7563575642177152,
        0.7501863068603105,
        0.751998218121352,
        0.7427039167495689,
        0.743286800153729
    ],
    "training_accuracy": [
        0.9482853909519172,
        0.9710503460799537,
        0.9674184804063479,
        0.9632602573887412,
        0.9756559728399611,
        0.9771297734031634,
        0.9792615206463668,
        0.9767350053951628,
        0.9792615206463668,
        0.9824196647103719
    ],
    "validation_accuracy": [
        0.9627615448428427,
        0.9870034104525762,
        0.9837773066642087,
        0.9812885980274679,
        0.9847912249976957,
        0.9836851322702553,
        0.986911236058623,
        0.9829477371186285,
        0.985897317725136,
        0.9910590837865241
    ]
}